{"train loss": 0.4338589012622833, "_timestamp": 1687653761.1712236, "train time (s)": 5.618332624435425, "_runtime": 3135.028872728348, "_step": 345, "HR@10": 0.49261083743842365, "NDCG@10": 0.2715784735952338, "MAP@10": 0.20490851513019, "MAR@10": 0.20490851513019}