{"train loss": 0.6545213729143142, "_timestamp": 1687523345.4701505, "train time (s)": 0.33058786392211914, "_runtime": 154.07305550575256, "_step": 284, "HR@10": 0.2200328407224959, "NDCG@10": 0.09622431086629478, "MAP@10": 0.060149998696796735, "MAR@10": 0.060149998696796735, "_wandb": {"runtime": 153}}