{"train loss": 0.5096208837628364, "_timestamp": 1687967502.835666, "train time (s)": 1.2275655269622803, "_runtime": 140.567214012146, "_step": 30, "HR@10": 0.20672246474671022, "NDCG@10": 0.0946903145445559, "MAP@10": 0.061486372890498076, "MAR@10": 0.061486372890498076, "_wandb": {"runtime": 189}}