{"train loss": 0.501164914351966, "_timestamp": 1687520387.5360546, "train time (s)": 20.106748819351196, "_runtime": 6713.3595407009125, "_step": 315, "HR@10": 0.19376026272577998, "NDCG@10": 0.08338370261003795, "MAP@10": 0.05026780827273439, "MAR@10": 0.05026780827273439, "_wandb": {"runtime": 6720}}