{"train loss": 0.38363600641489026, "_timestamp": 1687796744.3931472, "train time (s)": 4.832103967666626, "_runtime": 3644.5551011562347, "_step": 400, "HR@10": 0.5640728476821192, "NDCG@10": 0.31871610333040634, "MAP@10": 0.2438605723746452, "MAR@10": 0.2438605723746452, "_wandb": {"runtime": 3677}}