{"train loss": 2.33897234913627e-10, "_timestamp": 1688331760.6631541, "train time (s)": 1.803497552871704, "_runtime": 3213.403867006302, "_step": 400, "HR@10": 0.7839335180055401, "NDCG@10": 0.4152655340079371, "MAP@10": 0.298271995778921, "MAR@10": 0.298271995778921, "_wandb": {"runtime": 3212}}