{"train loss": 0.7067066172361374, "_timestamp": 1687952782.0754645, "train time (s)": 251.08816051483154, "_runtime": 1099.630931377411, "_step": 7, "_wandb": {"runtime": 1126}}