{"train loss": 0.6225923359394073, "_timestamp": 1687338146.514102, "train time (s)": 2.361525058746338, "_runtime": 3.030427932739258, "_step": 1, "_wandb": {"runtime": 4}}