{"train loss": 0.5701544642448425, "_timestamp": 1687338381.1309717, "train time (s)": 2.868945837020874, "_runtime": 3.5545237064361572, "_step": 1, "_wandb": {"runtime": 7}}