{"train loss": 0.1342322826385498, "_timestamp": 1688139660.1011884, "train time (s)": 188.48690557479858, "_runtime": 8415.387298345566, "_step": 10, "HR@10": 0.48690367764831505, "NDCG@10": 0.28952638299550804, "MAP@10": 0.22919606310222967, "MAR@10": 0.22919606310222967, "_wandb": {"runtime": 8414}}