{"train loss": 0.7757005155086517, "_timestamp": 1687340530.6466475, "train time (s)": 3.3714849948883057, "_runtime": 8.663271427154541, "_step": 3, "_wandb": {"runtime": 8}}