{"train loss": 0.7511785745620727, "_timestamp": 1687952956.7833657, "train time (s)": 16.870399475097656, "_runtime": 20.907391786575317, "_step": 1, "_wandb": {"runtime": 23}}