{"train loss": 0.49839132606983183, "_timestamp": 1687436033.1037047, "train time (s)": 2.6938319206237793, "_runtime": 348.67281460762024, "_step": 108, "HR@10": 0.19403973509933775, "NDCG@10": 0.08793395024581531, "MAP@10": 0.056447558604015555, "MAR@10": 0.056447558604015555, "_wandb": {"runtime": 349}}