{"train loss": 0.47803039580583573, "_timestamp": 1687970755.2801578, "train time (s)": 1.168938159942627, "_runtime": 2504.619035720825, "_step": 400, "HR@10": 0.21540623724129268, "NDCG@10": 0.09838799049981994, "MAP@10": 0.06377439390064621, "MAR@10": 0.06377439390064621, "_wandb": {"runtime": 2504}}