{"train loss": 0.4465112462900579, "_timestamp": 1688355702.3453906, "train time (s)": 40.082000732421875, "_runtime": 15605.473052501678, "_step": 400, "HR@10": 0.31117266851338876, "NDCG@10": 0.19919053545385132, "MAP@10": 0.1652680678303947, "MAR@10": 0.1652680678303947, "_wandb": {"runtime": 15606}}