{"train loss": 0.47806662917137144, "_timestamp": 1687346492.896258, "train time (s)": 1.993035078048706, "_runtime": 1200.6103792190552, "_step": 400, "HR@10": 0.20430463576158941, "NDCG@10": 0.09358782790567086, "MAP@10": 0.06096335278040576, "MAR@10": 0.06096335278040576, "_wandb": {"runtime": 1235}}