{"train loss": 0.04227516872342676, "_timestamp": 1687338541.1767192, "train time (s)": 1.8714959621429443, "_runtime": 58.18778920173645, "_step": 29, "HR@k": 0.22950819672131148, "NDCG@k": 0.10492492562169128, "MAP@K": 0.06786234712464219, "MAR@K": 0.06786234712464219, "_wandb": {"runtime": 58}}