{"train loss": 0.5655255615711212, "_timestamp": 1687522002.2479377, "train time (s)": 0.48598337173461914, "_runtime": 92.8482677936554, "_step": 130, "HR@10": 0.10016420361247948, "NDCG@10": 0.045581314288557745, "MAP@10": 0.029569682279041883, "MAR@10": 0.029569682279041883, "_wandb": {"runtime": 92}}