{"train loss": 0.6643112003803253, "_timestamp": 1687435641.6504514, "train time (s)": 4.099273443222046, "_runtime": 13.026905536651611, "_step": 3, "_wandb": {"runtime": 12}}