{"train loss": 0.028713388368487358, "_timestamp": 1687873261.294197, "train time (s)": 1.1685035228729248, "_runtime": 210.90811419487, "_step": 10, "HR@10": 0.51, "NDCG@10": 0.3392170779335763, "MAP@10": 0.2872093253968254, "MAR@10": 0.2872093253968254, "_wandb": {"runtime": 210}}