{"train loss": 0.4200741946697235, "_timestamp": 1687791721.668642, "train time (s)": 5.045747995376587, "_runtime": 11.467031955718994, "_step": 2, "_wandb": {"runtime": 15}}