{"train loss": 0.3197024604678154, "_timestamp": 1687788707.8316684, "train time (s)": 7.3513343334198, "_runtime": 2371.469014406204, "_step": 400, "HR@10": 0.6163907284768212, "NDCG@10": 0.35347900802274385, "MAP@10": 0.27300003941974144, "MAR@10": 0.27300003941974144, "_wandb": {"runtime": 2417}}