{"train loss": 0.4315612092614174, "_timestamp": 1687786269.7870626, "train time (s)": 11.004739999771118, "_runtime": 342.2994065284729, "_step": 31, "HR@10": 0.32019867549668873, "NDCG@10": 0.15158892466201532, "MAP@10": 0.10140025491432775, "MAR@10": 0.10140025491432775, "_wandb": {"runtime": 344}}