{"train loss": 0.6378870934247971, "_timestamp": 1687361503.0224743, "train time (s)": 0.7209682464599609, "_runtime": 92.63278722763062, "_step": 132, "HR@10": 0.2200328407224959, "NDCG@10": 0.10021370660415636, "MAP@10": 0.0646610368285245, "MAR@10": 0.0646610368285245}