{"train loss": 0.6430260515213013, "_timestamp": 1687967195.5375109, "train time (s)": 12.41469669342041, "_runtime": 15.343621969223022, "_step": 1, "_wandb": {"runtime": 17}}