{"train loss": 0.7220248322486877, "_timestamp": 1687966876.639226, "train time (s)": 12.821249723434448, "_runtime": 15.830991983413696, "_step": 1, "_wandb": {"runtime": 18}}