{"train loss": 0.3161165118217468, "_timestamp": 1688054295.2271998, "train time (s)": 3.052713394165039, "_runtime": 26.821773767471313, "_step": 8, "_wandb": {"runtime": 27}}