{"train loss": 0.06773730367422104, "_timestamp": 1687794485.995195, "train time (s)": 2.893432855606079, "_runtime": 2649.9929118156433, "_step": 400, "HR@10": 0.4942528735632184, "NDCG@10": 0.2547237052667448, "MAP@10": 0.18178317303933067, "MAR@10": 0.18178317303933067, "_wandb": {"runtime": 2649}}