{"train loss": 4.275565152056515e-05, "_timestamp": 1687876023.9904568, "train time (s)": 1.2173433303833008, "_runtime": 1291.4178817272186, "_step": 70, "HR@10": 0.4708333333333333, "NDCG@10": 0.29732022976121825, "MAP@10": 0.24447343474426805, "MAR@10": 0.24447343474426805, "_wandb": {"runtime": 1472}}