{"train loss": 0.42134311236441135, "_timestamp": 1688338192.6566985, "train time (s)": 2.073089599609375, "_runtime": 951.5117354393005, "_step": 400, "HR@10": 0.33518005540166207, "NDCG@10": 0.21171291600704056, "MAP@10": 0.1748417095370004, "MAR@10": 0.1748417095370004, "_wandb": {"runtime": 956}}