{"train loss": 0.6431620597839356, "_timestamp": 1687523175.9975343, "train time (s)": 0.6429309844970703, "_runtime": 53.05579328536987, "_step": 75, "HR@10": 0.2561576354679803, "NDCG@10": 0.11682468530801243, "MAP@10": 0.07544308911303985, "MAR@10": 0.07544308911303985, "_wandb": {"runtime": 52}}