{"train loss": 0.5620987266302109, "_timestamp": 1687361387.034078, "train time (s)": 0.7373743057250977, "_runtime": 107.03735089302063, "_step": 152, "HR@10": 0.11822660098522167, "NDCG@10": 0.048154259634879036, "MAP@10": 0.02744350613808742, "MAR@10": 0.02744350613808742, "_wandb": {"runtime": 106}}