{"train loss": 0.6055170118808746, "_timestamp": 1687522283.7364233, "train time (s)": 0.7970273494720459, "_runtime": 95.54077935218811, "_step": 113, "HR@10": 0.10180623973727422, "NDCG@10": 0.04556169824757254, "MAP@10": 0.029080981051424398, "MAR@10": 0.029080981051424398, "_wandb": {"runtime": 95}}