{"train loss": 0.4157928258180618, "_timestamp": 1687792809.8605669, "train time (s)": 2.058631420135498, "_runtime": 648.3051447868347, "_step": 400, "HR@10": 0.4302134646962233, "NDCG@10": 0.22628361588772858, "MAP@10": 0.16434631323793886, "MAR@10": 0.16434631323793886, "_wandb": {"runtime": 650}}