{"train loss": 0.6216881424188614, "_timestamp": 1687340435.3232682, "train time (s)": 2.1344056129455566, "_runtime": 22.022067070007324, "_step": 10, "_wandb": {"runtime": 23}}