{"train loss": 0.3503447525203228, "_timestamp": 1687784182.2467244, "train time (s)": 1.3730511665344238, "_runtime": 466.58712244033813, "_step": 400, "HR@10": 0.4942528735632184, "NDCG@10": 0.2704614821937855, "MAP@10": 0.2028318607136341, "MAR@10": 0.2028318607136341, "_wandb": {"runtime": 468}}