{"train loss": 0.5777745187282562, "_timestamp": 1687435450.8820045, "train time (s)": 3.97471022605896, "_runtime": 202.69158840179443, "_step": 53, "HR@10": 0.19834437086092715, "NDCG@10": 0.0905756542235943, "MAP@10": 0.058744744034479136, "MAR@10": 0.058744744034479136, "_wandb": {"runtime": 204}}