{"train loss": 0.4533105540275574, "_timestamp": 1688340064.2978055, "train time (s)": 3.682101011276245, "_runtime": 1806.0114645957947, "_step": 398, "HR@10": 0.34533702677746997, "NDCG@10": 0.21644508805943802, "MAP@10": 0.17759676970203284, "MAR@10": 0.17759676970203284, "_wandb": {"runtime": 1809}}