{"train loss": 0.5880643427371979, "_timestamp": 1687521841.5103223, "train time (s)": 0.7831461429595947, "_runtime": 124.02957725524902, "_step": 143, "HR@10": 0.10837438423645321, "NDCG@10": 0.056235145764012395, "MAP@10": 0.040411030312508145, "MAR@10": 0.040411030312508145, "_wandb": {"runtime": 123}}