{"train loss": 0.5200082637369633, "_timestamp": 1687356239.03114, "train time (s)": 2.0004749298095703, "_runtime": 667.1359581947327, "_step": 400, "HR@10": 0.11330049261083744, "NDCG@10": 0.05168340427592793, "MAP@10": 0.03364805692391899, "MAR@10": 0.03364805692391899, "_wandb": {"runtime": 669}}