{"train loss": 0.3846870958805084, "_timestamp": 1687277179.7580993, "train time (s)": 253.7439682483673, "_runtime": 6569.998086214066, "_step": 45, "HR@10": 0.5824503311258278, "NDCG@10": 0.332086294059193, "MAP@10": 0.2556286791758646, "MAR@10": 0.2556286791758646, "_wandb": {"runtime": 6783}}