{"train loss": 0.4888196783065796, "_timestamp": 1687966706.4814525, "train time (s)": 56.775622844696045, "_runtime": 4853.903351545334, "_step": 80, "HR@10": 0.20194874532835025, "NDCG@10": 0.09240427758956174, "MAP@10": 0.059990173770166556, "MAR@10": 0.059990173770166556, "_wandb": {"runtime": 4888}}