{"train loss": 0.02470617566629869, "_timestamp": 1687339337.895451, "train time (s)": 1.9476206302642822, "_runtime": 702.7498400211334, "_step": 400, "HR@10": 0.001639344262295082, "NDCG@10": 0.001639344262295082, "MAP@10": 0.001639344262295082, "MAR@10": 0.001639344262295082, "_wandb": {"runtime": 702}}