{"train loss": 0.22315602004528046, "_timestamp": 1688072405.6923845, "train time (s)": 64.21426677703857, "_runtime": 17630.930584430695, "_step": 182, "HR@10": 0.741225165562914, "NDCG@10": 0.4400329345813865, "MAP@10": 0.3468414275202355, "MAR@10": 0.3468414275202355}