{"train loss": 0.010252646170556545, "_timestamp": 1688328416.7669473, "train time (s)": 1.9041991233825684, "_runtime": 164.90552520751953, "_step": 30, "HR@10": 0.8079409048938134, "NDCG@10": 0.5100171261909052, "MAP@10": 0.4151735332483255, "MAR@10": 0.4151735332483255, "_wandb": {"runtime": 197}}