{"train loss": 0.48466948506236074, "_timestamp": 1688049524.7885363, "train time (s)": 66.57043528556824, "_runtime": 10075.222780227661, "_step": 142, "HR@10": 0.2074448038692252, "NDCG@10": 0.09377951601967363, "MAP@10": 0.06016202841699059, "MAR@10": 0.06016202841699059, "_wandb": {"runtime": 10076}}