{"train loss": 0.49014946520328523, "_timestamp": 1687523700.9969645, "train time (s)": 0.8358702659606934, "_runtime": 321.50397753715515, "_step": 380, "HR@10": 0.22824302134646962, "NDCG@10": 0.10534471612140142, "MAP@10": 0.06869184455391351, "MAR@10": 0.06869184455391351, "_wandb": {"runtime": 321}}