{"train loss": 0.6597316002845764, "_timestamp": 1687435068.4088783, "train time (s)": 2.4324986934661865, "_runtime": 228.5579912662506, "_step": 108, "HR@10": 0.1986863711001642, "NDCG@10": 0.09862076264772206, "MAP@10": 0.0685491437954492, "MAR@10": 0.0685491437954492, "_wandb": {"runtime": 234}}