{"train loss": 0.7337215049862862, "_timestamp": 1687961579.5547717, "train time (s)": 12.464898586273193, "_runtime": 15.443203687667847, "_step": 1, "_wandb": {"runtime": 17}}