{"train loss": 0.49240072444081306, "_timestamp": 1687342162.423, "train time (s)": 2.808194637298584, "_runtime": 1255.6852221488953, "_step": 400, "HR@10": 0.19586092715231787, "NDCG@10": 0.0908310538292721, "MAP@10": 0.05969489120151372, "MAR@10": 0.05969489120151372, "_wandb": {"runtime": 1255}}