{"train loss": 0.4893254995346069, "_timestamp": 1687520844.2442183, "train time (s)": 0.6254827976226807, "_runtime": 225.39967441558838, "_step": 280, "HR@10": 0.19047619047619047, "NDCG@10": 0.08506171288771312, "MAP@10": 0.053499752391378, "MAR@10": 0.053499752391378, "_wandb": {"runtime": 225}}