{"train loss": 0.531850115954876, "_timestamp": 1687522779.9018073, "train time (s)": 0.6625785827636719, "_runtime": 279.0414822101593, "_step": 400, "HR@10": 0.5205254515599343, "NDCG@10": 0.24313875871503185, "MAP@10": 0.16130463679724763, "MAR@10": 0.16130463679724763, "_wandb": {"runtime": 280}}