{"train loss": 0.4385427236557007, "_timestamp": 1687269823.2737029, "train time (s)": 6.8730316162109375, "_runtime": 4068.8666677474976, "_step": 400, "HR@10": 0.3901639344262295, "NDCG@10": 0.20123692141161617, "MAP@10": 0.14406778558417901, "MAR@10": 0.14406778558417901, "_wandb": {"runtime": 4068}}