{"train loss": 0.5023973488807678, "_timestamp": 1687442604.0550685, "train time (s)": 1.8897442817687988, "_runtime": 802.453248500824, "_step": 400, "HR@10": 0.19376026272577998, "NDCG@10": 0.08413384490721586, "MAP@10": 0.05211705371803894, "MAR@10": 0.05211705371803894, "_wandb": {"runtime": 804}}