{"train loss": 0.5088341757655144, "_timestamp": 1687434570.912384, "train time (s)": 0.6589272022247314, "_runtime": 336.27302598953247, "_step": 400, "HR@10": 0.22824302134646962, "NDCG@10": 0.10437676118948101, "MAP@10": 0.06799267599760211, "MAR@10": 0.06799267599760211, "_wandb": {"runtime": 337}}