{"train loss": 0.7017329066991806, "_timestamp": 1687522393.389791, "train time (s)": 0.6221349239349365, "_runtime": 90.59444093704224, "_step": 111, "HR@10": 0.10344827586206896, "NDCG@10": 0.044527096661489705, "MAP@10": 0.027302760184533585, "MAR@10": 0.027302760184533585, "_wandb": {"runtime": 90}}