{"train loss": 0.5202557042241096, "_timestamp": 1687340271.9971023, "train time (s)": 3.1626901626586914, "_runtime": 499.33932423591614, "_step": 241, "HR@10": 0.16229508196721312, "NDCG@10": 0.07229409851766481, "MAP@10": 0.045830731199583655, "MAR@10": 0.045830731199583655, "_wandb": {"runtime": 498}}