{"train loss": 0.37651401534676554, "_timestamp": 1687789593.5668983, "train time (s)": 1.082430362701416, "_runtime": 464.98939538002014, "_step": 400, "HR@10": 0.4745484400656814, "NDCG@10": 0.2602566520846775, "MAP@10": 0.1954772330388094, "MAR@10": 0.1954772330388094, "_wandb": {"runtime": 466}}