{"train loss": 0.48842033490538594, "_timestamp": 1687968137.3364053, "train time (s)": 2.374316692352295, "_runtime": 466.789439201355, "_step": 69, "HR@10": 0.19686096542194026, "NDCG@10": 0.08934314928724404, "MAP@10": 0.05753298382887591, "MAR@10": 0.05753298382887591, "_wandb": {"runtime": 467}}